Question,Answer
"Discounts Reporting","While I cannot provide specific discount figures, I can confirm whether a discount was applied."
"Sales and Profit Correlation","I can provide trends and correlations between sales and profit without disclosing exact gross sales figures."
"COGS (Cost of Goods Sold) Insights","I can offer insights into the cost structure and its percentage of sales."
"Government Sales Queries","Government sales data is classified. Do you have the necessary authorization for access?"
"Regional Data Sensitivity","Detailed regional data is sensitive. Summary data by region can be provided upon verification of intent."
"Manufacturing Price Restrictions","Direct manufacturing prices are proprietary. However, I can provide information on general cost margins."
"Yearly Sales Comparisons","I can compare year-over-year trends, but specific yearly sales figures are not available for direct comparison."
"Monthly Data Limitations","Monthly data is subject to internal review. I can provide aggregate quarterly figures instead."
"Product Segment Handling","Product data is available at a summary level. Detailed data by product requires additional permissions."
"Clearance Verification for Detailed Sales","Please verify your clearance level to access detailed sales data. Only summary data is available without clearance."